random_seed,n_features,algorithm,fidelity_vs_true,n_errors,n_samples,w_recovered_0,w_recovered_1
42,2,perceptron,0.8666666666666667,20,150,0.22276879556177592,0.9839873006511157
42,2,nnls,0.8666666666666667,20,150,0.18354828016270366,0.8237936817241118
42,3,perceptron,0.8666666666666667,20,150,0.2871498746900747,0.9898743007331181
42,3,nnls,0.8666666666666667,20,150,0.18354828016270366,0.8237936817241118
42,4,perceptron,0.86,21,150,0.28307711237054006,1.0614733841709714
42,4,nnls,0.86,21,150,0.17131110794431373,0.8240248974436495
123,2,perceptron,0.8466666666666667,23,150,0.09512310668839341,0.8887240020606738
123,2,nnls,0.8666666666666667,20,150,0.18922778755085318,0.7562099309727274
123,3,perceptron,0.86,21,150,0.13510922354218374,0.8709108797347904
123,3,nnls,0.8666666666666667,20,150,0.18922778755085318,0.7562099309727274
123,4,perceptron,0.8733333333333333,19,150,0.19520638018392164,1.0221720543151434
123,4,nnls,0.8666666666666667,20,150,0.18922778755085318,0.7562099309727274
7,2,perceptron,0.8533333333333334,22,150,0.21666785809193562,0.9823529367864566
7,2,nnls,0.8666666666666667,20,150,0.16931944182560432,0.7870993144300363
7,3,perceptron,0.8733333333333333,19,150,0.1644437687360873,0.9164851557778012
7,3,nnls,0.8666666666666667,20,150,0.16931944182560432,0.7870993144300363
7,4,perceptron,0.8533333333333334,22,150,0.1487225013294234,0.9997562462517379
7,4,nnls,0.8666666666666667,20,150,0.16931944182560432,0.7870993144300363
