arquivo,linha,id_base,classe
X1,1,89,H
X1,2,55,H
X1,3,18,M
X1,4,97,H
X1,5,34,M
X1,6,30,M
X1,7,96,H
X1,8,70,H
X1,9,16,M
X1,10,11,M
X1,11,48,M
X1,12,75,H
X1,13,28,M
X1,14,0,M
X1,15,95,H
X1,16,37,M
X1,17,99,H
X1,18,77,H
X1,19,24,M
X1,20,67,H
X2,1,14,M
X2,2,79,H
X2,3,73,H
X2,4,57,H
X2,5,81,H
X2,6,2,M
X2,7,47,M
X2,8,87,H
X2,9,19,M
X2,10,88,H
X2,11,74,H
X2,12,90,H
X2,13,68,H
X2,14,6,M
X2,15,54,H
X2,16,8,M
X2,17,38,M
X2,18,20,M
X2,19,36,M
X2,20,46,M
X3,1,59,H
X3,2,66,H
X3,3,15,M
X3,4,35,M
X3,5,65,H
X3,6,27,M
X3,7,92,H
X3,8,9,M
X3,9,76,H
X3,10,33,M
X3,11,43,M
X3,12,4,M
X3,13,91,H
X3,14,21,M
X3,15,82,H
X3,16,25,M
X3,17,84,H
X3,18,71,H
X3,19,13,M
X3,20,78,H
T1,1,3,M
T1,2,80,H
T1,3,23,M
T1,4,44,M
T1,5,7,M
T1,6,93,H
T1,7,53,H
T1,8,94,H
T1,9,5,M
T1,10,60,H
T2,1,56,H
T2,2,22,M
T2,3,10,M
T2,4,61,H
T2,5,32,M
T2,6,45,M
T2,7,69,H
T2,8,85,H
T2,9,72,H
T2,10,26,M
T3,1,31,M
T3,2,64,H
T3,3,1,M
T3,4,29,M
T3,5,98,H
T3,6,52,H
T3,7,62,H
T3,8,17,M
T3,9,49,M
T3,10,50,H
